{"files":{"node":null,"link":null,"Ltype":"csv","Ntype":"csv","aggr":"sum"},"layers":{"features":{},"base":{"countries":{"style":{"stroke":"#f8f8f8","fill":"#404040","opacity":"1"},"attributions":"Made with <a href=\"https://www.naturalearthdata.com\">Natural Earth.</a>","added":false},"bounding_box":{"style":{"stroke":"#f8f8f8","fill":"#c9d2e6","opacity":"1"},"attributions":"Made with <a href=\"https://www.naturalearthdata.com\">Natural Earth.</a>","added":false}},"osm":{},"import":{}},"style":{"link":{"color":{"palette":"YlGnBu","cat":"number","var":"volume","max":5402600256.434143,"min":0.05001500450135041},"opa":{"cat":null,"var":"fixed","max":null,"min":null,"vmax":0.85},"size":{"cat":"Sqrt","var":"volume","max":5402600256.434143,"min":0.05001500450135041,"ratio":"50"},"geometry":{"oriented":"oriented","type":"CurveOneArrow","head":{"height":null,"width":null},"place":{"base":0.5,"height":0.5}}},"node":{"color":{"palette":"OrRd","cat":"number","var":"degree","max":20059,"min":1},"size":{"cat":"Sqrt","ratio":"60","var":"degree","max":20059,"min":1},"opa":{"cat":null,"var":"fixed","max":null,"min":null,"vmax":0.85},"text":"Choose...","ratioBounds":null},"ratioBounds":6950.038352937167},"filter":{"link":[{"variable":"volume","values":[9159200.281783642,245143300.8787547],"filter":"numeral"},{"variable":"distance","values":[5320.145457685008,19736.02347205729],"filter":"numeral"},{"variable":"annee","values":["1888","1889","1890","1891","1892","1893","1894","1895","1896","1897","1898","1899","1900","1901","1902","1903","1904","1905","1906","1907","1908","1909","1910","1911","1912","1913","1924","1925","1926","1927","1928","1929","1930","1931","1932","1933","1934","1935","1936","1937","1938"],"filter":"timeLapse","format":"DateTime"}],"node":[]},"ids":{"nodeID":"id","linkID":["idorigine","iddestination"],"vol":"volume","long":"lat","lat":"long"},"projection":{"name":"World Mollweide / EPSG:54009","proj4":"+proj=moll +lon_0=0 +x_0=0 +y_0=0 +datum=WGS84 +units=m +no_defs","extent":[-18000000,-9000000,18000000,9000000]},"zoom":1,"center":[0.4999999999999887,1.2722218725854067e-14],"totalSum":201687214548.5092}